year,discipline,discipline_full,disc_code,app_total,app_choice_1,app_only,app_as_backup,seat_total,seat_vacant,matched_total,matched_choice_1,matched_as_backup,matched_to_other,unmatched,matched_program_elective,matched_discipline_elective,matched_no_discipline_elective,match_total,discipline_electives_3,mean_electives_within_discipline,mean_electives_outside_discipline,mean_other_disciplines,ranked_program_elective,ranked_discipline_elective,ranked_total
2019,ANPATH,Anatomical Pathology,Anat Path,43,18,1,25,41,18,19,17,2,1,0,8,18,1,19,11,2.9,7.8999999999999995,5.9,55,161,173
2019,ANESTH,Anesthesiology,Anesth,213,151,22,62,110,0,110,106,4,30,15,76,108,2,110,85,4.2,6.1,4.8,293,764,773
2019,CARD-SURG,Cardiac Surgery,Cardiac Surg,16,12,5,4,11,0,11,10,1,0,2,10,11,0,11,10,5.1,4.5,4.1,37,62,63
2019,DERM,Dermatology,Derm,81,57,4,24,29,0,29,29,0,23,5,21,28,1,29,19,4,6.7,5.3,107,181,184
2019,DIAG-RADIOLOGY,Diagnostic Radiology,Rads,112,76,13,36,81,5,72,66,6,7,3,50,69,3,72,53,3.7999999999999994,7.5,5.9,210,540,551
2019,EMERG-MED,Emergency Medicine,Emerg,208,120,3,88,70,0,70,68,2,42,10,57,69,1,70,62,4.7,6.4,4.8,329,596,607
2019,FAM MED,Family Medicine,Family,2255,989,666,1266,1388,137,1207,940,267,18,31,557,913,291,1204,452,2.7,7.1,5.5,7908,21304,26062
2019,GEN-PATH,General Pathology,Gen Path,27,3,0,24,6,4,2,2,0,1,0,1,1,1,2,0,2,6.5,3.5,11,28,37
2019,GEN-SURG,General Surgery,Gen Surg,171,93,34,78,79,0,79,74,5,15,4,59,75,4,79,55,4.7,6.3,5,267,678,729
2019,HEMPATH,Hematological Pathology,Heme Path,5,0,0,5,2,1,1,0,1,0,0,0,1,0,1,0,1,6,2,1,3,3
2019,INTERNAL MEDICINE,Internal Medicine,Internal,886,460,154,426,459,9,448,409,39,33,18,198,346,102,448,174,3,6.8,5.7,882,2589,3170
2019,MED-GENETICS,Medical Genetics & Genomics,Med Gen,19,8,1,11,8,0,8,7,1,1,0,6,8,0,8,5,3.4,3.3,2.5,24,48,48
2019,MED-MICRO,Medical Microbiology,Microbio,5,1,0,4,6,5,1,1,0,0,0,1,1,0,1,0,2,8,4,3,7,11
2019,NEUROL,Neurology,Neuro,94,55,11,39,49,4,45,43,2,8,4,37,43,2,45,35,4.3,4.8,3.6,177,430,438
2019,NEUROL-PED,Neurology - Pediatric,Peds Neuro,35,7,0,28,9,3,6,4,2,3,0,3,4,2,6,2,3,8.7,5.2,19,51,65
2019,NEUROPATH,Neuropathology,Neuro Path,10,0,0,10,3,2,1,0,1,0,0,1,1,0,1,0,2,3,3,5,9,10
2019,NEUROSURG,Neurosurgery,Neuro Surg,30,25,12,5,17,0,17,16,1,4,5,17,17,0,17,16,5.3,6.6,4.8,92,196,196
2019,NUC-MED,Nuclear Medicine,Nuclear,30,5,0,25,8,2,6,5,1,0,0,3,5,1,6,0,1.2,6.3,4.7,9,26,41
2019,OBS/GYNE,Obstetrics & Gynecology,OBGYN,176,118,11,58,80,0,79,76,3,35,7,47,75,4,79,56,4,6.9,5.1,216,607,634
2019,OPHTHAL,Ophthalmology,Ophthal,72,58,20,14,38,0,38,37,1,7,14,30,38,0,38,33,4.8,4.5,4,141,248,248
2019,ORTHOPEDICS,Orthopedic Surgery,Ortho,85,59,23,26,47,0,46,44,2,12,3,37,46,0,46,44,5.7,4.1,3.1,216,434,434
2019,OTOLARYN,Otolaryngology,ENT,57,40,5,17,28,0,28,26,2,12,2,28,28,0,28,25,6.1,4.2,3.5,153,221,221
2019,PEDS,Pediatrics,Peds,309,189,25,120,130,1,139,118,21,59,12,70,121,6,127,93,3.7,6.4,4.9,413,1123,1180
2019,PM&R,Physical Medicine & Rehabilitation,Physiatry,49,34,3,15,28,0,28,26,2,7,1,19,27,1,28,24,4.6,4.8,3.8,114,248,253
2019,PLASTIC-SURG,Plastic Surgery,Plastics,58,52,15,6,25,0,25,25,0,11,16,24,25,0,25,22,6.4,5.2,4,159,191,191
2019,PSYCH,Psychiatry,Psych,338,206,53,132,183,5,176,165,11,27,14,111,159,16,174,90,3.2,6.4,4.8,504,1155,1244
2019,PHPM,Public Health & Preventive Medicine,Pub Health,53,21,0,32,22,3,18,16,2,5,0,5,16,2,18,8,2.4000000000000004,5.9,3.7999999999999994,40,112,126
2019,RAD-ONC,Radiation Oncology,Rad Onc,39,25,3,14,21,0,21,20,1,4,1,13,21,0,21,16,4.1,6.1,4.9,74,199,199
2019,UROLOGY,Urology,Urology,58,46,11,12,33,0,33,32,1,7,7,32,33,0,33,30,5.8,3.6,3.1,198,252,252
2019,VASCSURG,Vascular Surgery,Vasc Surg,14,6,1,8,9,2,7,6,1,0,0,5,7,0,7,3,3.6,5.7,3.8,14,30,33
2018,ANPATH,Anatomical Pathology,Anat Path,61,38,5,23,41,7,33,32,1,3,3,24,32,1,33,16,2.9,7.9,6.2,81,253,670
2018,ANESTH,Anesthesiology,Anesth,200,146,30,54,105,1,104,100,4,31,15,75,100,4,104,80,4.5,7.5,5.1,289,721,761
2018,CARD-SURG,Cardiac Surgery,Cardiac Surg,17,10,2,7,8,0,8,8,0,1,1,4,8,0,8,7,5.5,6.6,4,21,56,57
2018,DERM,Dermatology,Derm,87,60,1,27,27,0,26,26,0,29,5,21,26,0,26,19,4.5,6.8,4.3,91,157,157
2018,DIAG-RADIOLOGY,Diagnostic Radiology,Rads,115,81,24,34,83,6,76,72,4,5,4,52,74,2,76,52,4.4,7,4.8,194,502,512
2018,EMERG-MED,Emergency Medicine,Emerg,228,123,8,105,66,0,65,62,3,46,15,59,65,0,65,58,4.9,7.2,4.6,351,606,652
2018,FAM MED,Family Medicine,Family,1992,980,645,1012,1350,146,1165,936,229,19,25,539,885,278,1163,474,3,8.5,5.8,7343,19442,23257
2018,GEN-PATH,General Pathology,Gen Path,30,0,0,30,7,4,3,0,3,0,0,1,2,1,3,0,1,19,9,6,28,42
2018,GEN-SURG,General Surgery,Gen Surg,204,121,66,83,82,0,82,77,5,13,31,58,81,1,82,53,4.6,7.6,5.3,259,715,746
2018,HEMPATH,Hematological Pathology,Heme Path,8,4,0,4,4,1,3,3,0,1,0,2,3,0,3,1,2.3,8.3,6,8,14,14
2018,INTERNAL MEDICINE,Internal Medicine,Internal,850,416,138,434,453,16,432,370,62,38,8,201,327,105,432,160,3.2,8.2,5.8,770,2390,2983
2018,MED-GENETICS,Medical Genetics & Genomics,Med Gen,16,6,2,10,6,0,6,6,0,0,0,5,6,0,6,2,3.2,7.8,4.7,14,39,40
2018,MED-MICRO,Medical Microbiology,Microbio,4,3,0,1,5,3,2,2,0,1,0,0,2,0,2,0,1.5,16,11.5,4,13,15
2018,NEUROL,Neurology,Neuro,104,55,12,49,44,1,43,42,1,9,4,27,42,1,43,35,5.3,6.6,4.3,180,460,470
2018,NEUROL-PED,Neurology - Pediatric,Peds Neuro,29,8,0,21,9,1,8,5,3,2,1,3,6,2,8,4,3.8,8.3,5.8,21,56,81
2018,NEUROPATH,Neuropathology,Neuro Path,9,2,0,7,4,2,2,2,0,0,0,2,2,0,2,1,2.5,10.5,4.5,8,12,13
2018,NEUROSURG,Neurosurgery,Neuro Surg,33,26,9,7,19,0,19,18,1,3,5,15,19,0,19,16,5.5,4.5,3.6,87,179,181
2018,NUC-MED,Nuclear Medicine,Nuclear,25,3,0,22,8,2,6,3,3,0,0,4,6,0,6,1,1.5,6.8,4.8,12,31,184
2018,OBS/GYNE,Obstetrics & Gynecology,OBGYN,178,112,17,66,78,0,77,71,6,32,9,50,77,0,77,55,4,7.6,5,209,595,618
2018,OPHTHAL,Ophthalmology,Ophthal,86,71,24,15,37,0,37,37,0,21,13,32,37,0,37,32,6.2,6.1,4.2,151,253,273
2018,ORTHOPEDICS,Orthopedic Surgery,Ortho,82,56,26,26,49,0,47,45,2,2,9,37,47,0,47,40,6,5.7,3.6,198,421,421
2018,OTOLARYN,Otolaryngology,ENT,75,55,4,20,29,0,29,25,4,12,18,26,27,1,28,24,6.7,4.7,3.2,189,255,340
2018,PEDS,Pediatrics,Peds,297,158,30,139,133,0,132,122,10,32,4,65,122,9,131,91,4.4,7.9,5.7,335,1091,1321
2018,PM&R,Physical Medicine & Rehabilitation,Physiatry,46,31,2,15,30,2,28,26,2,4,1,24,28,0,28,21,4.6,6,4.6,97,225,225
2018,PLASTIC-SURG,Plastic Surgery,Plastics,78,58,1,20,21,0,21,19,2,13,26,19,19,0,19,18,8.7,7.3,5.3,160,189,189
2018,PSYCH,Psychiatry,Psych,285,190,49,95,184,9,174,163,11,17,10,105,159,15,174,88,3.3,7.5,5,431,1105,1239
2018,PHPM,Public Health & Preventive Medicine,Pub Health,45,20,1,25,22,6,15,13,2,6,1,7,12,3,15,5,2.44,5.953333333,4.166666667,36,87,94
2018,RAD-ONC,Radiation Oncology,Rad Onc,51,27,5,24,23,0,22,21,1,4,2,15,22,0,22,16,3.6,6.9,4.6,71,200,204
2018,UROLOGY,Urology,Urology,71,48,13,23,29,0,28,28,0,12,8,28,28,0,28,26,6.7,5.1,3.9,175,227,227
2018,VASCSURG,Vascular Surgery,Vasc Surg,29,14,2,15,9,1,8,8,0,3,3,7,8,0,8,7,5.3,10.9,5.9,50,82,84
2017,ANPATH,Anatomical Pathology,Anat Path,62,33,13,29,41,4,36,30,6,1,2,19,36,0,36,12,2.8,7.6,5,82,243,643
2017,ANESTH,Anesthesiology,Anesth,213,138,37,75,100,0,99,97,2,28,13,60,95,3,98,75,4.2,6.5,4.6,248,670,707
2017,CARD-SURG,Cardiac Surgery,Cardiac Surg,16,10,4,6,8,0,8,7,1,1,2,6,8,0,8,7,6.3,4.1,2.6,31,56,57
2017,DERM,Dermatology,Derm,92,61,4,31,31,0,31,30,1,27,4,25,30,1,31,20,4.9,9.1,5.5,99,167,168
2017,DIAG-RADIOLOGY,Diagnostic Radiology,Rads,126,89,24,37,78,3,73,70,3,10,9,60,73,0,73,54,4.6,5.8,4.1,237,526,532
2017,EMERG-MED,Emergency Medicine,Emerg,204,118,6,86,66,0,65,63,2,48,7,53,65,0,65,55,4.4,6.5,4.5,305,585,648
2017,FAM MED,Family Medicine,Family,1880,983,662,897,1359,151,1169,950,219,9,24,549,891,276,1167,424,2.7,7.6,5.6,6390,16889,19984
2017,GEN-PATH,General Pathology,Gen Path,14,3,0,11,8,4,4,3,1,0,0,1,4,0,4,1,1.5,7.5,6.5,5,18,25
2017,GEN-SURG,General Surgery,Gen Surg,185,108,51,77,84,0,83,78,5,17,13,48,80,3,83,50,4,7.7,5.2,231,671,691
2017,HEMPATH,Hematological Pathology,Heme Path,8,1,0,7,3,2,1,1,0,0,0,1,1,0,1,0,2,8,8,6,8,8
2017,INTERNAL MEDICINE,Internal Medicine,Internal,928,464,197,464,451,3,443,390,53,49,25,214,323,120,443,150,2.8,7.7,5.6,707,2310,3074
2017,MED-GENETICS,Medical Genetics & Genomics,Med Gen,22,3,0,19,6,2,4,3,1,0,0,4,4,0,4,1,2.5,9.8,6.5,14,42,42
2017,MED-MICRO,Medical Microbiology,Microbio,5,2,1,3,5,3,2,2,0,0,0,2,2,0,2,1,2,10,5.5,4,10,11
2017,NEUROL,Neurology,Neuro,103,61,18,42,44,1,43,41,2,13,7,33,43,0,43,33,4.2,5.9,4.2,165,428,433
2017,NEUROL-PED,Neurology - Pediatric,Peds Neuro,24,9,0,15,9,1,8,6,2,2,1,1,6,2,8,1,1.7,8.9,5.6,12,47,70
2017,NEUROPATH,Neuropathology,Neuro Path,6,2,0,4,5,2,3,2,1,0,0,0,2,1,3,0,1,8,5.3,3,11,12
2017,NEUROSURG,Neurosurgery,Neuro Surg,31,26,14,5,15,0,15,15,0,3,8,11,15,0,15,15,6,4,3.3,75,154,158
2017,NUC-MED,Nuclear Medicine,Nuclear,24,5,0,19,10,3,7,5,2,0,0,4,7,0,7,2,2.3,8.9,6.1,14,34,222
2017,OBS/GYNE,Obstetrics & Gynecology,OBGYN,171,113,34,58,77,0,77,71,6,29,13,39,73,4,77,52,3.9,7.1,4.6,185,606,635
2017,OPHTHAL,Ophthalmology,Ophthal,66,49,15,17,35,0,34,34,0,9,6,29,34,0,34,29,5.2,5.2,3.7,129,234,261
2017,ORTHOPEDICS,Orthopedic Surgery,Ortho,85,57,34,28,51,0,48,47,1,5,5,41,47,1,48,42,6.1,5.7,3.7,190,419,423
2017,OTOLARYN,Otolaryngology,ENT,53,39,7,14,28,0,28,27,1,5,7,25,28,0,28,22,6.6,5.1,3.3,129,231,310
2017,PEDS,Pediatrics,Peds,308,171,36,137,132,1,130,121,9,43,7,71,118,11,129,78,3.6,7.2,5.1,339,1037,1333
2017,PM&R,Physical Medicine & Rehabilitation,Physiatry,48,31,3,17,28,1,27,25,2,5,1,22,26,1,27,19,4.2,6.4,5,99,230,235
2017,PLASTIC-SURG,Plastic Surgery,Plastics,62,49,18,13,26,0,25,24,1,9,16,24,25,0,25,24,7.8,6.3,4,136,176,181
2017,PSYCH,Psychiatry,Psych,323,180,67,143,181,8,169,159,10,15,6,105,151,18,169,76,3,7.1,5.1,408,1011,1153
2017,PHPM,Public Health & Preventive Medicine,Pub Health,44,19,2,25,24,6,18,16,2,3,0,8,12,6,18,4,1.672222222,6.977777778,5.183333333,34,93,114
2017,RAD-ONC,Radiation Oncology,Rad Onc,28,9,6,19,20,7,13,9,4,0,0,9,13,0,13,9,3.3,7.3,5.5,37,117,118
2017,UROLOGY,Urology,Urology,75,52,19,23,33,0,33,31,2,8,13,27,32,1,33,26,5.4,5,3.9,184,258,261
2017,VASCSURG,Vascular Surgery,Vasc Surg,19,8,4,11,8,0,8,7,1,1,0,6,7,1,8,6,5.7,4.1,3.6,27,44,47
2016,ANPATH,Anatomical Pathology,Anat Path,48,19,3,29,37,10,23,19,4,0,0,18,22,1,23,8,2.5,7.3,5.8,56,178,205
2016,ANESTH,Anesthesiology,Anesth,203,139,32,64,106,0,106,102,4,24,13,77,106,0,106,80,4.1,6.9,4.7,261,723,744
2016,CARD-SURG,Cardiac Surgery,Cardiac Surg,20,12,6,8,10,0,9,9,0,1,2,7,9,0,9,8,5.6,5.1,3.7,33,75,75
2016,DERM,Dermatology,Derm,86,64,2,22,28,0,28,28,0,28,8,21,27,1,28,17,4.3,7.3,4.8,99,168,177
2016,DIAG-RADIOLOGY,Diagnostic Radiology,Rads,106,76,14,30,83,10,72,67,5,7,2,52,69,3,72,42,3.8,6.7,4.5,192,503,513
2016,EMERG-MED,Emergency Medicine,Emerg,216,129,6,87,68,0,68,65,3,53,11,48,67,1,68,52,4,6.3,4.7,307,614,670
2016,FAM MED,Family Medicine,Family,2005,1050,760,955,1336,98,1203,1013,190,15,22,529,917,284,1201,449,2.8,7.7,5.6,6407,16273,18647
2016,GEN-PATH,General Pathology,Gen Path,15,4,0,11,7,4,3,3,0,1,0,3,3,0,3,0,2,7,4.3,8,26,32
2016,GEN-SURG,General Surgery,Gen Surg,178,98,49,80,88,2,85,77,8,11,10,55,79,6,85,50,4,5.8,4.5,228,650,689
2016,HEMPATH,Hematological Pathology,Heme Path,9,1,0,8,5,3,2,1,1,0,0,2,2,0,2,0,1.5,7,4.5,7,10,10
2016,INTERNAL MEDICINE,Internal Medicine,Internal,869,440,173,429,457,19,438,388,50,30,22,177,297,141,438,109,2.5,7.2,5.4,602,2043,2813
2016,LAB-MED,Laboratory Medicine,Lab Med,26,4,0,22,4,0,4,4,0,0,0,0,0,4,4,0,NA,8.8,4.8,0,0,98
2016,MED-BIO,Medical Biochemistry,Med Biochem,1,0,0,1,1,1,0,0,0,0,0,NA,NA,NA,NA,NA,NA,NA,NA,NA,NA,NA
2016,MED-GENETICS,Medical Genetics & Genomics,Med Gen,10,3,0,7,7,4,3,3,0,0,0,2,3,0,3,1,2.3,7,4.7,10,25,25
2016,MED-MICRO,Medical Microbiology,Microbio,29,11,0,18,11,3,8,7,1,2,2,1,4,4,8,0,1.5,8.3,4.8,13,28,44
2016,NEUROL,Neurology,Neuro,83,42,9,41,42,2,40,38,2,3,1,29,40,0,40,23,3.7,6.7,4.7,118,362,367
2016,NEUROL-PED,Neurology - Pediatric,Peds Neuro,20,8,0,12,7,0,7,6,1,2,0,3,5,2,7,1,1.4,9.3,6.1,15,48,61
2016,NEUROPATH,Neuropathology,Neuro Path,1,0,0,1,2,2,0,0,0,0,0,NA,NA,NA,NA,NA,NA,NA,NA,NA,NA,NA
2016,NEUROSURG,Neurosurgery,Neuro Surg,29,24,12,5,16,0,16,16,0,3,5,13,16,0,16,16,5.7,5.7,4.1,54,127,132
2016,NUC-MED,Nuclear Medicine,Nuclear,14,6,0,8,8,3,5,4,1,1,1,2,3,2,5,0,1.7,6.2,4,6,14,180
2016,OBS/GYNE,Obstetrics & Gynecology,OBGYN,169,109,25,60,81,1,80,76,4,24,9,47,79,1,80,48,3.7,8.3,5.3,181,643,681
2016,OPHTHAL,Ophthalmology,Ophthal,67,55,19,12,39,0,38,38,0,10,7,24,36,2,38,32,5.6,6.8,4.6,137,255,291
2016,ORTHOPEDICS,Orthopedic Surgery,Ortho,83,55,29,28,53,1,51,48,3,4,3,45,51,0,51,44,6.3,5.3,3.4,183,427,428
2016,OTOLARYN,Otolaryngology,ENT,54,42,9,12,29,0,29,29,0,9,4,25,29,0,29,24,6.2,5.9,4.6,146,249,330
2016,PEDS,Pediatrics,Peds,309,167,34,142,136,0,134,125,9,30,12,66,118,15,133,73,3.8,6.8,4.8,337,1032,1301
2016,PM&R,Physical Medicine & Rehabilitation,Physiatry,55,40,4,15,25,0,25,24,1,8,8,22,25,0,25,17,4.1,7.6,5,114,287,287
2016,PLASTIC-SURG,Plastic Surgery,Plastics,70,50,17,20,23,0,23,23,0,11,16,20,21,0,21,20,7,4.5,3.2,141,182,188
2016,PSYCH,Psychiatry,Psych,278,173,54,105,179,11,165,153,12,15,5,96,141,22,163,70,2.9,7.2,5.1,361,985,1211
2016,PHPM,Public Health & Preventive Medicine,Pub Health,38,18,1,20,21,6,15,14,1,3,1,5,11,4,15,1,1.946666667,8.986666667,6.686666667,24,84,97
2016,RAD-ONC,Radiation Oncology,Rad Onc,27,15,4,12,20,4,16,15,1,0,0,11,15,1,16,10,3.5,7.6,5.3,46,115,122
2016,UROLOGY,Urology,Urology,65,42,10,23,33,0,33,27,6,12,3,29,31,2,33,24,5.6,5.5,4.3,165,243,259
2016,VASCSURG,Vascular Surgery,Vasc Surg,16,8,1,8,8,0,8,6,2,2,0,6,8,0,8,4,3.5,12.4,5.4,16,45,45
2015,ANPATH,Anatomical Pathology,Anat Path,50,24,6,26,40,11,27,22,5,1,1,22,24,3,27,8,2.6,7.9,5.8,50,156,208
2015,ANESTH,Anesthesiology,Anesth,194,138,35,56,104,0,102,98,4,28,12,66,99,3,102,71,3.9,6.7,5,247,742,813
2015,CARD-SURG,Cardiac Surgery,Cardiac Surg,17,9,4,8,11,1,10,8,2,1,0,4,9,1,10,6,3.4,5.6,3.4,26,62,68
2015,DERM,Dermatology,Derm,68,51,2,17,27,1,26,26,0,24,1,20,25,1,26,16,3.4,5.8,4.6,67,145,158
2015,DIAG-RADIOLOGY,Diagnostic Radiology,Rads,132,96,28,36,81,4,76,71,5,14,11,53,73,2,75,54,4.2,6.3,4.8,227,505,563
2015,EMERG-MED,Emergency Medicine,Emerg,199,120,8,79,70,0,69,67,2,46,7,48,68,1,69,53,4.1,5.8,4.5,269,563,606
2015,FAM MED,Family Medicine,Family,1985,1101,799,884,1330,85,1215,1060,155,14,27,494,888,324,1212,409,2.8,7.4,5.4,5380,14936,18100
2015,GEN-PATH,General Pathology,Gen Path,9,1,0,8,7,5,2,1,1,0,0,2,2,0,2,0,1,16,9.5,4,15,19
2015,GEN-SURG,General Surgery,Gen Surg,159,92,44,67,90,2,87,78,9,10,4,52,82,5,87,58,3.8,6.7,4.9,206,686,734
2015,HEMPATH,Hematological Pathology,Heme Path,4,0,0,4,3,3,0,0,0,0,0,NA,NA,NA,NA,NA,NA,NA,NA,NA,NA,NA
2015,INTERNAL MEDICINE,Internal Medicine,Internal,772,389,160,383,455,16,430,370,60,11,8,118,192,238,430,62,2.3,6.6,4.9,368,1377,2639
2015,LAB-MED,Laboratory Medicine,Lab Med,30,3,0,27,3,0,3,1,2,2,0,0,0,3,3,0,NA,11.3,9,0,0,55
2015,MED-BIO,Medical Biochemistry,Med Biochem,1,0,0,1,0,0,0,0,0,0,0,NA,NA,NA,NA,NA,NA,NA,NA,NA,NA,NA
2015,MED-GENETICS,Medical Genetics & Genomics,Med Gen,14,5,1,9,8,2,6,5,1,0,0,3,5,1,6,2,2.8,11,6.5,13,32,177
2015,MED-MICRO,Medical Microbiology,Microbio,19,3,0,16,12,9,3,3,0,0,0,0,2,1,3,0,1.5,7,3.7,6,21,30
2015,NEUROL,Neurology,Neuro,95,47,13,48,42,2,40,37,3,5,5,31,39,1,40,26,3.7,6.2,4.4,124,362,394
2015,NEUROL-PED,Neurology - Pediatric,Peds Neuro,24,6,0,18,7,2,5,5,0,1,0,3,5,0,5,2,2.6,8.4,5.8,15,42,49
2015,NEUROPATH,Neuropathology,Neuro Path,3,1,0,2,4,2,2,1,1,0,0,2,2,0,2,1,3,5.5,3,4,7,125
2015,NEUROSURG,Neurosurgery,Neuro Surg,22,16,12,6,16,2,14,14,0,1,1,9,14,0,14,12,5.8,3.6,2.4,38,128,128
2015,NUC-MED,Nuclear Medicine,Nuclear,22,4,0,18,8,4,3,2,1,2,0,1,1,2,3,0,2,10,3,7,12,19
2015,OBS/GYNE,Obstetrics & Gynecology,OBGYN,165,113,23,52,86,1,85,82,3,24,7,45,78,7,85,49,3.7,7.6,5.2,180,659,790
2015,OPHTHAL,Ophthalmology,Ophthal,67,53,16,14,39,0,39,39,0,4,10,32,38,1,39,33,5.5,4.6,3.1,131,235,243
2015,ORTHOPEDICS,Orthopedic Surgery,Ortho,69,51,28,18,55,3,48,46,2,3,2,38,48,0,48,42,6.4,7.2,4.4,152,409,472
2015,OTOLARYN,Otolaryngology,ENT,60,47,13,13,30,1,29,29,0,10,8,25,29,0,29,25,5.7,5.1,3.8,137,222,246
2015,PEDS,Pediatrics,Peds,274,157,35,117,138,8,129,126,3,22,9,55,104,24,128,61,3.3,6.3,4.8,296,927,1253
2015,PM&R,Physical Medicine & Rehabilitation,Physiatry,48,33,7,15,27,2,25,25,0,8,0,22,25,0,25,17,3.6,5.2,3.5,87,210,210
2015,PLASTIC-SURG,Plastic Surgery,Plastics,56,45,11,11,25,0,25,24,1,13,8,21,24,1,25,23,7.8,7.8,5.4,126,183,187
2015,PSYCH,Psychiatry,Psych,272,171,58,101,178,15,155,150,5,11,10,93,126,27,153,62,3,6.8,4.7,328,819,1024
2015,PHPM,Public Health & Preventive Medicine,Pub Health,40,23,3,17,24,10,14,13,1,9,1,9,14,0,14,7,2.271428571,7.5,5.757142857,32,84,93
2015,RAD-ONC,Radiation Oncology,Rad Onc,25,18,3,7,21,1,20,17,3,1,0,11,18,2,20,10,3.4,7.6,5.3,40,117,125
2015,UROLOGY,Urology,Urology,49,32,9,17,33,3,30,26,4,6,0,25,29,1,30,21,5,4.7,3.6,124,198,224
2015,VASCSURG,Vascular Surgery,Vasc Surg,23,13,0,10,10,0,10,8,2,4,1,5,9,1,10,6,3.4,7,4,22,62,71
2014,ANPATH,Anatomical Pathology,Anat Path,43,22,2,21,38,15,25,20,5,2,0,16,20,2,22,6,2.4,5.8,4.5,43,119,159
2014,ANESTH,Anesthesiology,Anesth,202,137,32,65,106,3,104,100,4,23,14,71,98,4,102,74,3.9,5.8,4.6,275,776,834
2014,CARD-SURG,Cardiac Surgery,Cardiac Surg,18,10,4,8,9,2,8,6,2,2,2,7,7,0,7,6,3.7,6.4,4.6,25,51,134
2014,DERM,Dermatology,Derm,84,63,2,21,31,0,31,31,0,27,5,27,31,0,31,19,4,7,5.5,111,158,165
2014,DIAG-RADIOLOGY,Diagnostic Radiology,Rads,133,90,22,43,84,7,77,74,3,13,3,57,72,3,75,47,3.9,5.6,4.3,194,482,645
2014,EMERG-MED,Emergency Medicine,Emerg,209,101,13,108,71,1,70,67,3,29,5,47,64,5,69,46,3.7,6.1,4.6,226,505,568
2014,FAM MED,Family Medicine,Family,1913,1087,779,826,1308,89,1223,1038,185,10,39,518,879,303,1182,349,2.5,7,5.3,4764,11728,14447
2014,GEN-PATH,General Pathology,Gen Path,9,3,0,6,6,2,4,3,1,0,0,3,4,0,4,0,1.5,6.5,5.5,3,14,15
2014,GEN-SURG,General Surgery,Gen Surg,183,88,43,95,93,5,88,75,13,8,5,58,82,4,86,58,4.1,5.9,4.3,238,613,717
2014,HEMPATH,Hematological Pathology,Heme Path,9,3,0,6,5,3,3,3,0,0,0,3,3,0,3,0,1.7,7,6.3,8,20,20
2014,INTERNAL MEDICINE,Internal Medicine,Internal,807,405,181,402,447,19,429,382,47,13,10,125,211,212,423,70,2.3,6.8,5.1,425,1466,2613
2014,LAB-MED,Laboratory Medicine,Lab Med,24,2,0,22,2,0,2,2,0,0,0,0,0,2,2,0,NA,7,4.5,0,0,43
2014,MED-BIO,Medical Biochemistry,Med Biochem,4,0,0,4,4,4,0,0,0,0,0,NA,NA,NA,NA,NA,NA,NA,NA,NA,NA,NA
2014,MED-GENETICS,Medical Genetics & Genomics,Med Gen,10,5,1,5,8,2,6,5,1,0,0,4,5,0,5,0,2.8,5,3.6,9,22,178
2014,MED-MICRO,Medical Microbiology,Microbio,20,8,0,12,12,5,7,6,1,2,0,2,3,4,7,0,1,3.5,3.3,3,7,30
2014,NEUROL,Neurology,Neuro,79,37,6,42,43,5,38,36,2,1,0,24,36,1,37,21,3.1,6.8,5.2,98,296,327
2014,NEUROL-PED,Neurology - Pediatric,Peds Neuro,25,5,0,20,7,1,6,5,1,0,0,2,3,3,6,0,1.3,13.5,9.8,11,38,54
2014,NEUROPATH,Neuropathology,Neuro Path,1,0,0,1,2,2,0,0,0,0,0,NA,NA,NA,NA,NA,NA,NA,NA,NA,NA,NA
2014,NEUROSURG,Neurosurgery,Neuro Surg,23,15,7,8,18,4,15,12,3,0,3,12,13,1,14,10,5,4.9,3.6,47,125,127
2014,NUC-MED,Nuclear Medicine,Nuclear,24,5,0,19,10,3,7,5,2,0,0,3,6,1,7,0,1.3,5.4,2.9,14,26,31
2014,OBS/GYNE,Obstetrics & Gynecology,OBGYN,178,116,39,62,92,0,92,91,1,15,10,49,86,6,92,54,3.6,6.8,4.9,214,712,817
2014,OPHTHAL,Ophthalmology,Ophthal,68,56,19,12,40,1,39,38,1,8,10,32,39,0,39,28,5.2,5.3,3.8,127,242,326
2014,ORTHOPEDICS,Orthopedic Surgery,Ortho,89,58,29,31,62,7,55,51,4,2,5,49,52,2,54,40,5.1,4.1,3.1,174,475,907
2014,OTOLARYN,Otolaryngology,ENT,44,35,11,9,30,2,28,27,1,4,4,17,28,0,28,20,4.9,4.7,2.9,92,239,362
2014,PEDS,Pediatrics,Peds,308,173,37,135,137,2,136,133,3,34,6,60,113,21,134,64,3.6,7.4,5.1,279,902,1250
2014,PM&R,Physical Medicine & Rehabilitation,Physiatry,46,27,6,19,25,1,24,23,1,3,1,19,22,1,23,13,3,5.2,4,64,183,185
2014,PLASTIC-SURG,Plastic Surgery,Plastics,73,55,16,18,26,0,26,26,0,12,17,21,24,0,24,20,6.1,5.3,3.6,124,180,183
2014,PSYCH,Psychiatry,Psych,260,161,51,99,171,27,145,138,7,12,11,84,121,21,142,49,2.6,5.9,4.3,272,706,872
2014,PHPM,Public Health & Preventive Medicine,Pub Health,30,11,1,19,24,13,12,9,3,2,0,4,9,0,9,3,2.2,6.533333333,4.977777778,23,71,79
2014,RAD-ONC,Radiation Oncology,Rad Onc,30,17,6,13,21,1,20,17,3,0,0,13,18,0,18,13,3.7,6.4,4.9,41,126,134
2014,UROLOGY,Urology,Urology,53,43,17,10,31,2,31,31,0,8,4,28,31,0,31,25,5.7,4.3,3.5,139,223,242
2014,VASCSURG,Vascular Surgery,Vasc Surg,19,9,0,10,9,0,9,7,2,2,0,8,9,0,9,7,4.2,6.2,4.3,24,58,67
2013,ANPATH,Anatomical Pathology,Anat Path,38,17,2,21,35,15,20,17,3,0,0,8,16,1,17,3,2.3,5,4.4,27,100,120
2013,ANESTH,Anesthesiology,Anesth,202,138,38,64,109,1,109,106,3,23,9,72,103,3,106,64,3.8,6.6,5,253,775,853
2013,CARD-SURG,Cardiac Surgery,Cardiac Surg,12,7,3,5,11,6,6,5,1,1,1,3,5,1,6,3,5.8,7.5,4.5,16,46,116
2013,DERM,Dermatology,Derm,67,47,2,20,32,1,32,31,1,15,1,28,30,2,32,22,4.5,4.6,3.5,96,145,150
2013,DIAG-RADIOLOGY,Diagnostic Radiology,Rads,134,95,28,39,85,1,85,79,6,12,4,65,81,2,83,62,4.3,5.2,4.3,212,504,649
2013,EMERG-MED,Emergency Medicine,Emerg,172,98,11,74,68,1,68,67,1,27,4,44,64,4,68,53,3.9,6.3,4.9,199,480,516
2013,FAM MED,Family Medicine,Family,1763,979,685,784,1247,121,1135,948,187,8,23,491,820,277,1097,314,2.5,6.7,5.2,3889,10246,12524
2013,GEN-PATH,General Pathology,Gen Path,8,1,0,7,5,3,2,1,1,0,0,0,1,1,2,0,2,5.5,5,0,2,7
2013,GEN-SURG,General Surgery,Gen Surg,209,128,61,81,95,0,95,87,8,20,21,65,91,4,95,63,3.9,5.5,4.1,264,708,800
2013,HEMPATH,Hematological Pathology,Heme Path,7,1,0,6,4,4,1,1,0,0,0,1,1,0,1,1,4,4,4,4,7,8
2013,INTERNAL MEDICINE,Internal Medicine,Internal,748,365,155,383,432,43,389,345,44,17,3,142,212,168,380,67,2.3,6.5,5.1,451,1459,2374
2013,LAB-MED,Laboratory Medicine,Lab Med,24,6,0,18,9,1,8,6,2,0,0,0,0,7,7,0,NA,7.7,5,0,0,69
2013,MED-BIO,Medical Biochemistry,Med Biochem,1,0,0,1,5,4,1,0,1,0,0,NA,NA,NA,NA,NA,NA,NA,NA,NA,NA,NA
2013,MED-GENETICS,Medical Genetics & Genomics,Med Gen,9,5,1,4,8,3,5,5,0,0,0,3,5,0,5,1,2.2,8,5.8,9,23,176
2013,MED-MICRO,Medical Microbiology,Microbio,22,8,0,14,12,6,6,6,0,2,0,2,4,2,6,0,1,5.3,4,9,24,40
2013,NEUROL,Neurology,Neuro,67,32,9,35,42,9,33,30,3,2,0,24,31,0,31,15,2.8,6.2,4.9,97,279,294
2013,NEUROL-PED,Neurology - Pediatric,Peds Neuro,16,7,0,9,9,5,5,5,0,1,1,0,4,1,5,1,1.8,6.8,4.4,5,27,42
2013,NEUROPATH,Neuropathology,Neuro Path,1,1,0,0,3,2,1,1,0,0,0,0,0,1,1,0,NA,4,4,0,0,73
2013,NEUROSURG,Neurosurgery,Neuro Surg,27,22,14,5,17,0,17,17,0,2,3,12,17,0,17,15,5.4,5.1,4.3,61,145,145
2013,NUC-MED,Nuclear Medicine,Nuclear,14,6,0,8,10,4,6,6,0,0,0,2,5,1,6,2,2.6,5.5,3.5,7,22,29
2013,OBS/GYNE,Obstetrics & Gynecology,OBGYN,180,120,40,60,95,3,93,91,2,20,9,54,87,6,93,50,3.2,6.3,4.9,192,673,771
2013,OPHTHAL,Ophthalmology,Ophthal,62,48,14,14,36,0,36,36,0,8,4,26,36,0,36,29,5,4.6,3.3,105,207,271
2013,ORTHOPEDICS,Orthopedic Surgery,Ortho,105,74,32,31,70,5,65,61,4,3,10,52,64,0,64,51,5.2,4.4,3.4,184,481,877
2013,OTOLARYN,Otolaryngology,ENT,55,41,17,14,30,1,29,27,2,9,5,22,28,1,29,25,6,4.9,3.5,140,238,336
2013,PEDS,Pediatrics,Peds,297,164,43,133,140,2,138,128,10,25,11,79,123,12,135,82,3.7,5.7,4.5,298,931,1185
2013,PM&R,Physical Medicine & Rehabilitation,Physiatry,39,18,3,21,25,5,20,17,3,1,0,14,18,1,19,14,3.4,6.2,4.4,61,152,167
2013,PLASTIC-SURG,Plastic Surgery,Plastics,57,48,12,9,26,0,26,25,1,11,12,22,24,0,24,21,6.6,4.3,3.4,126,174,176
2013,PSYCH,Psychiatry,Psych,219,126,47,93,167,38,130,118,12,6,2,75,108,15,123,43,2.5,5.6,4.5,240,726,877
2013,PHPM,Public Health & Preventive Medicine,Pub Health,37,16,5,21,23,9,14,11,3,3,2,8,8,5,13,3,2.184615385,6.715384615,4.476923077,23,62,92
2013,RAD-ONC,Radiation Oncology,Rad Onc,31,16,4,15,20,5,16,14,2,2,0,9,15,0,15,9,2.9,5.1,4.1,40,125,126
2013,UROLOGY,Urology,Urology,69,46,15,23,33,1,33,32,1,10,4,26,30,2,32,27,5.3,3.9,3.2,141,227,266
2013,VASCSURG,Vascular Surgery,Vasc Surg,28,15,2,13,10,0,10,10,0,4,1,6,9,1,10,6,3.7,6.7,4.2,35,81,90
2012,ANPATH,Anatomical Pathology,Anat Path,43,15,0,28,35,NA,22,NA,NA,NA,1,NA,NA,NA,NA,NA,NA,NA,NA,NA,NA,NA
2012,ANESTH,Anesthesiology,Anesth,203,130,36,73,102,NA,102,NA,NA,NA,11,NA,NA,NA,NA,NA,NA,NA,NA,NA,NA,NA
2012,CARD-SURG,Cardiac Surgery,Cardiac Surg,9,4,1,5,8,NA,5,NA,NA,NA,0,NA,NA,NA,NA,NA,NA,NA,NA,NA,NA,NA
2012,DERM,Dermatology,Derm,60,48,5,12,31,NA,31,NA,NA,NA,4,NA,NA,NA,NA,NA,NA,NA,NA,NA,NA,NA
2012,DIAG-RADIOLOGY,Diagnostic Radiology,Rads,163,114,23,49,85,NA,84,NA,NA,NA,14,NA,NA,NA,NA,NA,NA,NA,NA,NA,NA,NA
2012,EMERG-MED,Emergency Medicine,Emerg,166,88,8,78,65,NA,63,NA,NA,NA,3,NA,NA,NA,NA,NA,NA,NA,NA,NA,NA,NA
2012,FAM MED,Family Medicine,Family,1688,923,664,765,1223,NA,1094,NA,NA,NA,25,NA,NA,NA,NA,NA,NA,NA,NA,NA,NA,NA
2012,GEN-PATH,General Pathology,Gen Path,5,1,0,4,5,NA,1,NA,NA,NA,0,NA,NA,NA,NA,NA,NA,NA,NA,NA,NA,NA
2012,GEN-SURG,General Surgery,Gen Surg,209,112,59,97,101,NA,99,NA,NA,NA,14,NA,NA,NA,NA,NA,NA,NA,NA,NA,NA,NA
2012,HEMPATH,Hematological Pathology,Heme Path,7,1,0,6,2,NA,1,NA,NA,NA,0,NA,NA,NA,NA,NA,NA,NA,NA,NA,NA,NA
2012,INTERNAL MEDICINE,Internal Medicine,Internal,784,397,175,387,430,NA,394,NA,NA,NA,23,NA,NA,NA,NA,NA,NA,NA,NA,NA,NA,NA
2012,LAB-MED,Laboratory Medicine,Lab Med,33,12,0,21,13,NA,11,NA,NA,NA,0,NA,NA,NA,NA,NA,NA,NA,NA,NA,NA,NA
2012,MED-BIO,Medical Biochemistry,Med Biochem,3,1,0,2,5,NA,1,NA,NA,NA,0,NA,NA,NA,NA,NA,NA,NA,NA,NA,NA,NA
2012,MED-GENETICS,Medical Genetics & Genomics,Med Gen,9,1,0,8,6,NA,3,NA,NA,NA,0,NA,NA,NA,NA,NA,NA,NA,NA,NA,NA,NA
2012,MED-MICRO,Medical Microbiology,Microbio,15,7,0,8,13,NA,8,NA,NA,NA,0,NA,NA,NA,NA,NA,NA,NA,NA,NA,NA,NA
2012,NEUROL,Neurology,Neuro,77,40,6,37,40,NA,37,NA,NA,NA,1,NA,NA,NA,NA,NA,NA,NA,NA,NA,NA,NA
2012,NEUROL-PED,Neurology - Pediatric,Peds Neuro,27,9,0,18,10,NA,10,NA,NA,NA,0,NA,NA,NA,NA,NA,NA,NA,NA,NA,NA,NA
2012,NEUROPATH,Neuropathology,Neuro Path,2,0,0,2,2,NA,0,NA,NA,NA,0,NA,NA,NA,NA,NA,NA,NA,NA,NA,NA,NA
2012,NEUROSURG,Neurosurgery,Neuro Surg,30,23,10,7,19,NA,19,NA,NA,NA,2,NA,NA,NA,NA,NA,NA,NA,NA,NA,NA,NA
2012,NUC-MED,Nuclear Medicine,Nuclear,24,6,0,18,10,NA,8,NA,NA,NA,1,NA,NA,NA,NA,NA,NA,NA,NA,NA,NA,NA
2012,OBS/GYNE,Obstetrics & Gynecology,OBGYN,158,105,32,53,94,NA,92,NA,NA,NA,3,NA,NA,NA,NA,NA,NA,NA,NA,NA,NA,NA
2012,OPHTHAL,Ophthalmology,Ophthal,77,62,18,15,39,NA,39,NA,NA,NA,12,NA,NA,NA,NA,NA,NA,NA,NA,NA,NA,NA
2012,ORTHOPEDICS,Orthopedic Surgery,Ortho,117,83,40,34,77,NA,74,NA,NA,NA,5,NA,NA,NA,NA,NA,NA,NA,NA,NA,NA,NA
2012,OTOLARYN,Otolaryngology,ENT,56,41,11,15,31,NA,31,NA,NA,NA,4,NA,NA,NA,NA,NA,NA,NA,NA,NA,NA,NA
2012,PEDS,Pediatrics,Peds,296,174,51,122,145,NA,142,NA,NA,NA,17,NA,NA,NA,NA,NA,NA,NA,NA,NA,NA,NA
2012,PM&R,Physical Medicine & Rehabilitation,Physiatry,42,21,4,21,23,NA,22,NA,NA,NA,0,NA,NA,NA,NA,NA,NA,NA,NA,NA,NA,NA
2012,PLASTIC-SURG,Plastic Surgery,Plastics,70,45,18,25,26,NA,26,NA,NA,NA,13,NA,NA,NA,NA,NA,NA,NA,NA,NA,NA,NA
2012,PSYCH,Psychiatry,Psych,215,135,50,80,160,NA,143,NA,NA,NA,5,NA,NA,NA,NA,NA,NA,NA,NA,NA,NA,NA
2012,PHPM,Public Health & Preventive Medicine,Pub Health,36,12,1,24,24,NA,11,NA,NA,NA,0,NA,NA,NA,NA,NA,NA,NA,NA,NA,NA,NA
2012,RAD-ONC,Radiation Oncology,Rad Onc,24,12,3,12,21,NA,13,NA,NA,NA,0,NA,NA,NA,NA,NA,NA,NA,NA,NA,NA,NA
2012,UROLOGY,Urology,Urology,48,35,13,13,33,NA,30,NA,NA,NA,1,NA,NA,NA,NA,NA,NA,NA,NA,NA,NA,NA
2012,VASCSURG,Vascular Surgery,Vasc Surg,28,15,0,13,8,NA,8,NA,NA,NA,2,NA,NA,NA,NA,NA,NA,NA,NA,NA,NA,NA
2011,ANPATH,Anatomical Pathology,Anat Path,31,11,0,20,33,NA,23,NA,NA,NA,1,NA,NA,NA,NA,NA,NA,NA,NA,NA,NA,NA
2011,ANESTH,Anesthesiology,Anesth,177,133,44,44,109,NA,109,NA,NA,NA,12,NA,NA,NA,NA,NA,NA,NA,NA,NA,NA,NA
2011,CARD-SURG,Cardiac Surgery,Cardiac Surg,11,7,5,4,12,NA,8,NA,NA,NA,0,NA,NA,NA,NA,NA,NA,NA,NA,NA,NA,NA
2011,DERM,Dermatology,Derm,54,37,0,17,23,NA,23,NA,NA,NA,5,NA,NA,NA,NA,NA,NA,NA,NA,NA,NA,NA
2011,DIAG-RADIOLOGY,Diagnostic Radiology,Rads,140,97,22,43,89,NA,85,NA,NA,NA,5,NA,NA,NA,NA,NA,NA,NA,NA,NA,NA,NA
2011,EMERG-MED,Emergency Medicine,Emerg,140,82,16,58,60,NA,60,NA,NA,NA,6,NA,NA,NA,NA,NA,NA,NA,NA,NA,NA,NA
2011,FAM MED,Family Medicine,Family,1472,859,641,613,1150,NA,991,NA,NA,NA,12,NA,NA,NA,NA,NA,NA,NA,NA,NA,NA,NA
2011,GEN-PATH,General Pathology,Gen Path,3,1,0,2,3,NA,1,NA,NA,NA,0,NA,NA,NA,NA,NA,NA,NA,NA,NA,NA,NA
2011,GEN-SURG,General Surgery,Gen Surg,213,121,64,92,106,NA,106,NA,NA,NA,13,NA,NA,NA,NA,NA,NA,NA,NA,NA,NA,NA
2011,HEMPATH,Hematological Pathology,Heme Path,5,1,0,4,3,NA,1,NA,NA,NA,0,NA,NA,NA,NA,NA,NA,NA,NA,NA,NA,NA
2011,INTERNAL MEDICINE,Internal Medicine,Internal,732,369,198,363,412,NA,379,NA,NA,NA,15,NA,NA,NA,NA,NA,NA,NA,NA,NA,NA,NA
2011,LAB-MED,Laboratory Medicine,Lab Med,28,8,1,20,12,NA,7,NA,NA,NA,0,NA,NA,NA,NA,NA,NA,NA,NA,NA,NA,NA
2011,MED-BIO,Medical Biochemistry,Med Biochem,4,1,1,3,6,NA,2,NA,NA,NA,0,NA,NA,NA,NA,NA,NA,NA,NA,NA,NA,NA
2011,MED-GENETICS,Medical Genetics & Genomics,Med Gen,11,5,0,6,8,NA,5,NA,NA,NA,0,NA,NA,NA,NA,NA,NA,NA,NA,NA,NA,NA
2011,MED-MICRO,Medical Microbiology,Microbio,25,12,0,13,10,NA,9,NA,NA,NA,0,NA,NA,NA,NA,NA,NA,NA,NA,NA,NA,NA
2011,NEUROL,Neurology,Neuro,67,35,10,32,42,NA,35,NA,NA,NA,2,NA,NA,NA,NA,NA,NA,NA,NA,NA,NA,NA
2011,NEUROL-PED,Neurology - Pediatric,Peds Neuro,26,6,0,20,9,NA,9,NA,NA,NA,0,NA,NA,NA,NA,NA,NA,NA,NA,NA,NA,NA
2011,NEUROPATH,Neuropathology,Neuro Path,3,0,0,3,2,NA,0,NA,NA,NA,0,NA,NA,NA,NA,NA,NA,NA,NA,NA,NA,NA
2011,NEUROSURG,Neurosurgery,Neuro Surg,30,20,7,10,19,NA,17,NA,NA,NA,2,NA,NA,NA,NA,NA,NA,NA,NA,NA,NA,NA
2011,NUC-MED,Nuclear Medicine,Nuclear,21,2,1,19,9,NA,3,NA,NA,NA,0,NA,NA,NA,NA,NA,NA,NA,NA,NA,NA,NA
2011,OBS/GYNE,Obstetrics & Gynecology,OBGYN,167,103,32,64,100,NA,97,NA,NA,NA,6,NA,NA,NA,NA,NA,NA,NA,NA,NA,NA,NA
2011,OPHTHAL,Ophthalmology,Ophthal,71,62,19,9,36,NA,36,NA,NA,NA,15,NA,NA,NA,NA,NA,NA,NA,NA,NA,NA,NA
2011,ORTHOPEDICS,Orthopedic Surgery,Ortho,112,86,45,26,82,NA,79,NA,NA,NA,7,NA,NA,NA,NA,NA,NA,NA,NA,NA,NA,NA
2011,OTOLARYN,Otolaryngology,ENT,62,43,16,19,29,NA,29,NA,NA,NA,9,NA,NA,NA,NA,NA,NA,NA,NA,NA,NA,NA
2011,PEDS,Pediatrics,Peds,265,175,53,90,143,NA,143,NA,NA,NA,11,NA,NA,NA,NA,NA,NA,NA,NA,NA,NA,NA
2011,PM&R,Physical Medicine & Rehabilitation,Physiatry,32,16,4,16,22,NA,20,NA,NA,NA,1,NA,NA,NA,NA,NA,NA,NA,NA,NA,NA,NA
2011,PLASTIC-SURG,Plastic Surgery,Plastics,65,46,13,19,28,NA,28,NA,NA,NA,9,NA,NA,NA,NA,NA,NA,NA,NA,NA,NA,NA
2011,PSYCH,Psychiatry,Psych,174,110,39,64,146,NA,115,NA,NA,NA,1,NA,NA,NA,NA,NA,NA,NA,NA,NA,NA,NA
2011,RAD-ONC,Radiation Oncology,Rad Onc,39,23,4,16,20,NA,20,NA,NA,NA,0,NA,NA,NA,NA,NA,NA,NA,NA,NA,NA,NA
2011,UROLOGY,Urology,Urology,57,42,17,15,32,NA,32,NA,NA,NA,7,NA,NA,NA,NA,NA,NA,NA,NA,NA,NA,NA
2010,ANPATH,Anatomical Pathology,Anat Path,43,19,2,24,32,NA,24,NA,NA,NA,0,NA,NA,NA,NA,NA,NA,NA,NA,NA,NA,NA
2010,ANESTH,Anesthesiology,Anesth,174,109,37,65,108,NA,106,NA,NA,NA,3,NA,NA,NA,NA,NA,NA,NA,NA,NA,NA,NA
2010,CARD-SURG,Cardiac Surgery,Cardiac Surg,17,10,1,7,11,NA,8,NA,NA,NA,1,NA,NA,NA,NA,NA,NA,NA,NA,NA,NA,NA
2010,DERM,Dermatology,Derm,52,41,0,11,23,NA,23,NA,NA,NA,1,NA,NA,NA,NA,NA,NA,NA,NA,NA,NA,NA
2010,DIAG-RADIOLOGY,Diagnostic Radiology,Rads,145,109,39,36,84,NA,84,NA,NA,NA,11,NA,NA,NA,NA,NA,NA,NA,NA,NA,NA,NA
2010,EMERG-MED,Emergency Medicine,Emerg,129,75,8,54,58,NA,58,NA,NA,NA,0,NA,NA,NA,NA,NA,NA,NA,NA,NA,NA,NA
2010,FAM MED,Family Medicine,Family,1417,804,589,613,1112,NA,940,NA,NA,NA,4,NA,NA,NA,NA,NA,NA,NA,NA,NA,NA,NA
2010,GEN-PATH,General Pathology,Gen Path,6,0,0,6,3,NA,0,NA,NA,NA,0,NA,NA,NA,NA,NA,NA,NA,NA,NA,NA,NA
2010,GEN-SURG,General Surgery,Gen Surg,241,125,66,116,109,NA,108,NA,NA,NA,13,NA,NA,NA,NA,NA,NA,NA,NA,NA,NA,NA
2010,HEMPATH,Hematological Pathology,Heme Path,4,1,0,3,2,NA,1,NA,NA,NA,0,NA,NA,NA,NA,NA,NA,NA,NA,NA,NA,NA
2010,INTERNAL MEDICINE,Internal Medicine,Internal,660,327,155,333,398,NA,365,NA,NA,NA,1,NA,NA,NA,NA,NA,NA,NA,NA,NA,NA,NA
2010,LAB-MED,Laboratory Medicine,Lab Med,41,10,0,31,13,NA,12,NA,NA,NA,1,NA,NA,NA,NA,NA,NA,NA,NA,NA,NA,NA
2010,MED-BIO,Medical Biochemistry,Med Biochem,3,2,1,1,5,NA,4,NA,NA,NA,0,NA,NA,NA,NA,NA,NA,NA,NA,NA,NA,NA
2010,MED-GENETICS,Medical Genetics & Genomics,Med Gen,8,3,2,5,7,NA,4,NA,NA,NA,0,NA,NA,NA,NA,NA,NA,NA,NA,NA,NA,NA
2010,MED-MICRO,Medical Microbiology,Microbio,19,10,0,9,9,NA,8,NA,NA,NA,0,NA,NA,NA,NA,NA,NA,NA,NA,NA,NA,NA
2010,NEUROL,Neurology,Neuro,69,41,8,28,44,NA,37,NA,NA,NA,3,NA,NA,NA,NA,NA,NA,NA,NA,NA,NA,NA
2010,NEUROL-PED,Neurology - Pediatric,Peds Neuro,16,7,0,9,10,NA,7,NA,NA,NA,0,NA,NA,NA,NA,NA,NA,NA,NA,NA,NA,NA
2010,NEUROPATH,Neuropathology,Neuro Path,3,2,1,1,5,NA,2,NA,NA,NA,0,NA,NA,NA,NA,NA,NA,NA,NA,NA,NA,NA
2010,NEUROSURG,Neurosurgery,Neuro Surg,26,18,8,8,21,NA,20,NA,NA,NA,0,NA,NA,NA,NA,NA,NA,NA,NA,NA,NA,NA
2010,NUC-MED,Nuclear Medicine,Nuclear,20,6,0,14,6,NA,6,NA,NA,NA,1,NA,NA,NA,NA,NA,NA,NA,NA,NA,NA,NA
2010,OBS/GYNE,Obstetrics & Gynecology,OBGYN,173,122,38,51,99,NA,96,NA,NA,NA,11,NA,NA,NA,NA,NA,NA,NA,NA,NA,NA,NA
2010,OPHTHAL,Ophthalmology,Ophthal,62,54,18,8,35,NA,35,NA,NA,NA,4,NA,NA,NA,NA,NA,NA,NA,NA,NA,NA,NA
2010,ORTHOPEDICS,Orthopedic Surgery,Ortho,115,80,42,35,80,NA,77,NA,NA,NA,6,NA,NA,NA,NA,NA,NA,NA,NA,NA,NA,NA
2010,OTOLARYN,Otolaryngology,ENT,49,36,15,13,32,NA,29,NA,NA,NA,1,NA,NA,NA,NA,NA,NA,NA,NA,NA,NA,NA
2010,PEDS,Pediatrics,Peds,253,140,46,113,136,NA,129,NA,NA,NA,6,NA,NA,NA,NA,NA,NA,NA,NA,NA,NA,NA
2010,PM&R,Physical Medicine & Rehabilitation,Physiatry,25,17,2,8,24,NA,20,NA,NA,NA,0,NA,NA,NA,NA,NA,NA,NA,NA,NA,NA,NA
2010,PLASTIC-SURG,Plastic Surgery,Plastics,77,53,13,24,28,NA,28,NA,NA,NA,11,NA,NA,NA,NA,NA,NA,NA,NA,NA,NA,NA
2010,PSYCH,Psychiatry,Psych,216,131,58,85,149,NA,138,NA,NA,NA,4,NA,NA,NA,NA,NA,NA,NA,NA,NA,NA,NA
2010,RAD-ONC,Radiation Oncology,Rad Onc,37,20,1,17,25,NA,20,NA,NA,NA,0,NA,NA,NA,NA,NA,NA,NA,NA,NA,NA,NA
2010,UROLOGY,Urology,Urology,64,50,13,14,31,NA,31,NA,NA,NA,6,NA,NA,NA,NA,NA,NA,NA,NA,NA,NA,NA
2009,ANPATH,Anatomical Pathology,Anat Path,51,22,1,29,25,NA,21,NA,NA,NA,3,NA,NA,NA,NA,NA,NA,NA,NA,NA,NA,NA
2009,ANESTH,Anesthesiology,Anesth,207,135,35,72,111,NA,109,NA,NA,NA,11,NA,NA,NA,NA,NA,NA,NA,NA,NA,NA,NA
2009,CARD-SURG,Cardiac Surgery,Cardiac Surg,11,6,3,5,11,NA,5,NA,NA,NA,1,NA,NA,NA,NA,NA,NA,NA,NA,NA,NA,NA
2009,DERM,Dermatology,Derm,61,37,0,24,17,NA,17,NA,NA,NA,2,NA,NA,NA,NA,NA,NA,NA,NA,NA,NA,NA
2009,DIAG-RADIOLOGY,Diagnostic Radiology,Rads,149,86,16,63,82,NA,80,NA,NA,NA,6,NA,NA,NA,NA,NA,NA,NA,NA,NA,NA,NA
2009,EMERG-MED,Emergency Medicine,Emerg,129,73,17,56,56,NA,56,NA,NA,NA,4,NA,NA,NA,NA,NA,NA,NA,NA,NA,NA,NA
2009,FAM MED,Family Medicine,Family,1401,752,557,649,1029,NA,876,NA,NA,NA,14,NA,NA,NA,NA,NA,NA,NA,NA,NA,NA,NA
2009,GEN-PATH,General Pathology,Gen Path,6,0,0,6,1,NA,0,NA,NA,NA,0,NA,NA,NA,NA,NA,NA,NA,NA,NA,NA,NA
2009,GEN-SURG,General Surgery,Gen Surg,221,91,40,130,108,NA,91,NA,NA,NA,5,NA,NA,NA,NA,NA,NA,NA,NA,NA,NA,NA
2009,HEMPATH,Hematological Pathology,Heme Path,6,2,0,4,3,NA,2,NA,NA,NA,0,NA,NA,NA,NA,NA,NA,NA,NA,NA,NA,NA
2009,INTERNAL MEDICINE,Internal Medicine,Internal,699,316,138,383,394,NA,333,NA,NA,NA,7,NA,NA,NA,NA,NA,NA,NA,NA,NA,NA,NA
2009,LAB-MED,Laboratory Medicine,Lab Med,51,11,0,40,19,NA,13,NA,NA,NA,0,NA,NA,NA,NA,NA,NA,NA,NA,NA,NA,NA
2009,MED-BIO,Medical Biochemistry,Med Biochem,5,1,0,4,5,NA,3,NA,NA,NA,0,NA,NA,NA,NA,NA,NA,NA,NA,NA,NA,NA
2009,MED-GENETICS,Medical Genetics & Genomics,Med Gen,9,4,1,5,7,NA,5,NA,NA,NA,0,NA,NA,NA,NA,NA,NA,NA,NA,NA,NA,NA
2009,MED-MICRO,Medical Microbiology,Microbio,23,14,0,9,9,NA,9,NA,NA,NA,1,NA,NA,NA,NA,NA,NA,NA,NA,NA,NA,NA
2009,NEUROL,Neurology,Neuro,64,31,4,33,40,NA,35,NA,NA,NA,2,NA,NA,NA,NA,NA,NA,NA,NA,NA,NA,NA
2009,NEUROL-PED,Neurology - Pediatric,Peds Neuro,15,4,0,11,8,NA,6,NA,NA,NA,0,NA,NA,NA,NA,NA,NA,NA,NA,NA,NA,NA
2009,NEUROPATH,Neuropathology,Neuro Path,8,0,0,8,4,NA,1,NA,NA,NA,0,NA,NA,NA,NA,NA,NA,NA,NA,NA,NA,NA
2009,NEUROSURG,Neurosurgery,Neuro Surg,29,23,12,6,20,NA,19,NA,NA,NA,2,NA,NA,NA,NA,NA,NA,NA,NA,NA,NA,NA
2009,NUC-MED,Nuclear Medicine,Nuclear,37,13,0,24,9,NA,8,NA,NA,NA,2,NA,NA,NA,NA,NA,NA,NA,NA,NA,NA,NA
2009,OBS/GYNE,Obstetrics & Gynecology,OBGYN,181,126,34,55,95,NA,95,NA,NA,NA,8,NA,NA,NA,NA,NA,NA,NA,NA,NA,NA,NA
2009,OPHTHAL,Ophthalmology,Ophthal,71,59,11,12,35,NA,35,NA,NA,NA,9,NA,NA,NA,NA,NA,NA,NA,NA,NA,NA,NA
2009,ORTHOPEDICS,Orthopedic Surgery,Ortho,112,76,38,36,80,NA,78,NA,NA,NA,2,NA,NA,NA,NA,NA,NA,NA,NA,NA,NA,NA
2009,OTOLARYN,Otolaryngology,ENT,55,41,10,14,28,NA,28,NA,NA,NA,4,NA,NA,NA,NA,NA,NA,NA,NA,NA,NA,NA
2009,PEDS,Pediatrics,Peds,229,133,39,96,129,NA,124,NA,NA,NA,5,NA,NA,NA,NA,NA,NA,NA,NA,NA,NA,NA
2009,PM&R,Physical Medicine & Rehabilitation,Physiatry,37,20,2,17,23,NA,19,NA,NA,NA,0,NA,NA,NA,NA,NA,NA,NA,NA,NA,NA,NA
2009,PLASTIC-SURG,Plastic Surgery,Plastics,61,45,2,16,26,NA,26,NA,NA,NA,12,NA,NA,NA,NA,NA,NA,NA,NA,NA,NA,NA
2009,PSYCH,Psychiatry,Psych,201,118,52,83,142,NA,122,NA,NA,NA,2,NA,NA,NA,NA,NA,NA,NA,NA,NA,NA,NA
2009,RAD-ONC,Radiation Oncology,Rad Onc,44,25,5,19,26,NA,25,NA,NA,NA,1,NA,NA,NA,NA,NA,NA,NA,NA,NA,NA,NA
2009,UROLOGY,Urology,Urology,52,32,6,20,31,NA,31,NA,NA,NA,2,NA,NA,NA,NA,NA,NA,NA,NA,NA,NA,NA
